{
	"info": {
		"_postman_id": "89aaaac0-021e-4e91-b157-4b8b7582188a",
		"name": "LRVL_TMP",
		"schema": "https://schema.getpostman.com/json/collection/v2.1.0/collection.json",
		"_exporter_id": "12703501"
	},
	"item": [
		{
			"name": "categories",
			"item": [
				{
					"name": "read",
					"request": {
						"method": "GET",
						"header": [],
						"url": {
							"raw": "{{baseUrl}}/api/categories",
							"host": [
								"{{baseUrl}}"
							],
							"path": [
								"api",
								"categories"
							]
						}
					},
					"response": []
				},
				{
					"name": "create",
					"request": {
						"auth": {
							"type": "bearer",
							"bearer": [
								{
									"key": "token",
									"value": "{{jwtToken}}",
									"type": "string"
								}
							]
						},
						"method": "POST",
						"header": [],
						"body": {
							"mode": "raw",
							"raw": "{\r\n   \"name\": \"Kaos\"\r\n}",
							"options": {
								"raw": {
									"language": "json"
								}
							}
						},
						"url": {
							"raw": "{{baseUrl}}/api/categories",
							"host": [
								"{{baseUrl}}"
							],
							"path": [
								"api",
								"categories"
							]
						}
					},
					"response": []
				},
				{
					"name": "update",
					"request": {
						"auth": {
							"type": "bearer",
							"bearer": [
								{
									"key": "token",
									"value": "{{jwtToken}}",
									"type": "string"
								}
							]
						},
						"method": "PUT",
						"header": [],
						"body": {
							"mode": "raw",
							"raw": "{\r\n   \"name\": \"Baju\"\r\n}",
							"options": {
								"raw": {
									"language": "json"
								}
							}
						},
						"url": {
							"raw": "{{baseUrl}}/api/categories/{{id}}",
							"host": [
								"{{baseUrl}}"
							],
							"path": [
								"api",
								"categories",
								"{{id}}"
							]
						}
					},
					"response": []
				},
				{
					"name": "delete",
					"request": {
						"auth": {
							"type": "bearer",
							"bearer": [
								{
									"key": "token",
									"value": "{{jwtToken}}",
									"type": "string"
								}
							]
						},
						"method": "DELETE",
						"header": [],
						"url": {
							"raw": "{{baseUrl}}/api/categories/{{id}}",
							"host": [
								"{{baseUrl}}"
							],
							"path": [
								"api",
								"categories",
								"{{id}}"
							]
						}
					},
					"response": []
				}
			]
		},
		{
			"name": "products",
			"item": [
				{
					"name": "read",
					"request": {
						"auth": {
							"type": "bearer",
							"bearer": [
								{
									"key": "token",
									"value": "{{jwtToken}}",
									"type": "string"
								}
							]
						},
						"method": "GET",
						"header": [],
						"url": {
							"raw": "{{baseUrl}}/api/products",
							"host": [
								"{{baseUrl}}"
							],
							"path": [
								"api",
								"products"
							]
						}
					},
					"response": []
				},
				{
					"name": "create",
					"request": {
						"auth": {
							"type": "bearer",
							"bearer": [
								{
									"key": "token",
									"value": "{{jwtToken}}",
									"type": "string"
								}
							]
						},
						"method": "POST",
						"header": [],
						"body": {
							"mode": "formdata",
							"formdata": [
								{
									"key": "name",
									"value": "Kaos",
									"type": "text"
								},
								{
									"key": "description",
									"value": "Kaos oblong\n",
									"type": "text"
								},
								{
									"key": "price",
									"value": "100000",
									"type": "text"
								},
								{
									"key": "category_id",
									"value": "1",
									"type": "text"
								},
								{
									"key": "expired_at",
									"value": "2024-10-12",
									"type": "text"
								},
								{
									"key": "image",
									"type": "file",
									"src": "/C:/Users/R/Downloads/logo FIK.png"
								}
							]
						},
						"url": {
							"raw": "{{baseUrl}}/api/products",
							"host": [
								"{{baseUrl}}"
							],
							"path": [
								"api",
								"products"
							]
						}
					},
					"response": []
				},
				{
					"name": "update",
					"request": {
						"auth": {
							"type": "bearer",
							"bearer": [
								{
									"key": "token",
									"value": "{{jwtToken}}",
									"type": "string"
								}
							]
						},
						"method": "POST",
						"header": [],
						"body": {
							"mode": "formdata",
							"formdata": [
								{
									"key": "name",
									"value": "Kaos Oblong",
									"type": "text"
								},
								{
									"key": "description",
									"value": "Kaos oblong cotton combed 30s",
									"type": "text"
								},
								{
									"key": "price",
									"value": "75000",
									"type": "text"
								},
								{
									"key": "category_id",
									"value": "1",
									"type": "text"
								},
								{
									"key": "expired_at",
									"value": "2024-10-12",
									"type": "text"
								}
							]
						},
						"url": {
							"raw": "{{baseUrl}}/api/products/{{id}}?_method=PUT",
							"host": [
								"{{baseUrl}}"
							],
							"path": [
								"api",
								"products",
								"{{id}}"
							],
							"query": [
								{
									"key": "_method",
									"value": "PUT"
								}
							]
						}
					},
					"response": []
				},
				{
					"name": "delete",
					"request": {
						"auth": {
							"type": "bearer",
							"bearer": [
								{
									"key": "token",
									"value": "{{jwtToken}}",
									"type": "string"
								}
							]
						},
						"method": "DELETE",
						"header": [],
						"url": {
							"raw": "{{baseUrl}}/api/products/{{id}}",
							"host": [
								"{{baseUrl}}"
							],
							"path": [
								"api",
								"products",
								"{{id}}"
							]
						}
					},
					"response": []
				}
			]
		},
		{
			"name": "register",
			"request": {
				"method": "POST",
				"header": [],
				"body": {
					"mode": "raw",
					"raw": "{\r\n   \"name\": \"Rocky\",\r\n   \"email\": \"desvin@gmail.com\",\r\n   \"password\": \"123456\"\r\n}",
					"options": {
						"raw": {
							"language": "json"
						}
					}
				},
				"url": {
					"raw": "{{baseUrl}}/api/register",
					"host": [
						"{{baseUrl}}"
					],
					"path": [
						"api",
						"register"
					]
				}
			},
			"response": []
		},
		{
			"name": "login",
			"event": [
				{
					"listen": "test",
					"script": {
						"exec": [
							"var jsonData = pm.response.json();\r",
							"pm.collectionVariables.set(\"jwtToken\", jsonData.token);"
						],
						"type": "text/javascript",
						"packages": {}
					}
				}
			],
			"request": {
				"auth": {
					"type": "noauth"
				},
				"method": "POST",
				"header": [],
				"body": {
					"mode": "raw",
					"raw": "// {\r\n//    \"email\": \"desvin@gmail.com\",\r\n//    \"password\": \"123456\"\r\n// }\r\n\r\n{\r\n   \"email\": \"admin@mail.com\",\r\n   \"password\": \"admin\"\r\n}",
					"options": {
						"raw": {
							"language": "json"
						}
					}
				},
				"url": {
					"raw": "{{baseUrl}}/api/login",
					"host": [
						"{{baseUrl}}"
					],
					"path": [
						"api",
						"login"
					]
				}
			},
			"response": []
		},
		{
			"name": "login with oauth google",
			"request": {
				"method": "GET",
				"header": [],
				"url": {
					"raw": "{{baseUrl}}/api/oauth/register",
					"host": [
						"{{baseUrl}}"
					],
					"path": [
						"api",
						"oauth",
						"register"
					]
				}
			},
			"response": []
		}
	],
	"event": [
		{
			"listen": "prerequest",
			"script": {
				"type": "text/javascript",
				"packages": {},
				"exec": [
					""
				]
			}
		},
		{
			"listen": "test",
			"script": {
				"type": "text/javascript",
				"packages": {},
				"exec": [
					""
				]
			}
		}
	],
	"variable": [
		{
			"key": "jwtToken",
			"value": "",
			"type": "string"
		},
		{
			"key": "baseUrl",
			"value": "",
			"type": "string"
		},
		{
			"key": "id",
			"value": "1",
			"type": "string"
		}
	]
}